{"cameraMode":{"drawMode":0,"name":"Shaded","section":"Shading Mode"},"sceneLighting":true,"audioPlay":false,"sceneViewState":{"showFog":true,"showMaterialUpdate":true,"showSkybox":true,"showFlares":true,"showImageEffects":true,"showParticleSystems":true},"in2DMode":false,"pivot":{"x":188.84033203125,"y":166.25,"z":-311.70001220703127},"rotation":{"x":-0.028148341923952104,"y":-0.9391680955886841,"z":0.3330707252025604,"w":-0.07931843400001526},"size":26.86781883239746,"orthographic":false}