{"cameraMode":{"drawMode":0,"name":"Shaded","section":"Shading Mode"},"sceneLighting":true,"audioPlay":false,"sceneViewState":{"showFog":true,"showMaterialUpdate":true,"showSkybox":true,"showFlares":true,"showImageEffects":true,"showParticleSystems":true},"in2DMode":false,"pivot":{"x":237.88613891601563,"y":170.98121643066407,"z":-311.118896484375},"rotation":{"x":0.0202986691147089,"y":-0.9782251119613648,"z":0.17075903713703156,"w":0.11685194820165634},"size":50.304710388183597,"orthographic":false}