{"cameraMode":{"drawMode":0,"name":"Shaded","section":"Shading Mode"},"sceneLighting":true,"audioPlay":false,"sceneViewState":{"showFog":true,"showMaterialUpdate":true,"showSkybox":true,"showFlares":true,"showImageEffects":true,"showParticleSystems":true},"in2DMode":false,"pivot":{"x":236.86138916015626,"y":175.96176147460938,"z":-326.77557373046877},"rotation":{"x":0.2979576885700226,"y":-0.6535793542861939,"z":0.31355994939804079,"w":0.6211080551147461},"size":96.3720703125,"orthographic":false}