{"cameraMode":{"drawMode":0,"name":"Shaded","section":"Shading Mode"},"sceneLighting":false,"audioPlay":false,"sceneViewState":{"showFog":false,"showMaterialUpdate":false,"showSkybox":false,"showFlares":false,"showImageEffects":false,"showParticleSystems":false},"in2DMode":false,"pivot":{"x":1462.1580810546875,"y":224.8095703125,"z":-727.2440185546875},"rotation":{"x":0.34868869185447695,"y":-0.5978021025657654,"z":0.32305997610092165,"w":0.6456471681594849},"size":962.4277954101563,"orthographic":false}